{"best_model_idx": 3, "num_epochs_run": 8, "train_loss": [0.0059112093747876225, 0.00028845937289151104, 0.0002854674477263938, 0.0002871970539088909, 0.00028702854922520296, 0.00028701074920271704, 0.0002830633692830974, 0.00028082695108455245, 0.00027969131108939447], "train_reg_loss": [4.831081097294695e-07, 3.6110004088374305e-07, 2.759526631970689e-07, 2.913938376709224e-07, 3.1807391981160316e-07, 3.1622755408060904e-07, 2.6005820675784707e-07, 2.313825749649741e-07, 2.1872390243481413e-07], "train_total_num": [1309773, 1309773, 1309773, 1309773, 1309773, 1309773, 1309773, 1309773, 1309773], "train_spearman_corr": [0.048756789777334976, 0.11192765399308918, 0.1165500215944748, 0.11989147885521866, 0.12154568120281442, 0.1209761085618612, 0.129528895340973, 0.13650306396323783, 0.14722972628594752], "train_r_square": [-19.013090869256942, 0.023387049671003912, 0.033516562030370234, 0.027660779599078197, 0.02823127075562415, 0.028291534822662556, 0.04165585225480528, 0.04922750680470145, 0.053072349472164], "train_pea": [0.006742357276380062, 0.15626144409179688, 0.18488891422748566, 0.1697894185781479, 0.17103126645088196, 0.1705559343099594, 0.20476697385311127, 0.22187288105487823, 0.23037634789943695], "val_loss": [0.00029079347710896894, 0.0002792819703373525, 0.00028952379945864417, 0.00027683575227687053, 0.0002912446004296086, 0.00027685568957300173, 0.00028309007616610814, 0.00028210125412672, 0.0002784077294323799], "val_reg_loss": [5.235843900663895e-07, 2.7832305704578175e-07, 2.813800108469877e-07, 3.1286265311791794e-07, 3.135733663839346e-07, 3.0575648679587175e-07, 2.493301280992455e-07, 2.2409513178445195e-07, 2.116434387744448e-07], "val_total_num": [231536, 231536, 231536, 231536, 231536, 231536, 231536, 231536, 231536], "val_spearman_corr": [0.112307722120883, 0.14150441976021097, 0.13740530711960416, 0.15490377858042495, 0.10610434523791377, 0.15721972430538583, 0.12829430418925106, 0.15260359021132605, 0.1508358698099542], "val_r_square": [-0.036376493215964256, 0.004650082467461347, -0.03185140102642259, 0.013368307677745883, -0.037984287412868856, 0.013297257010264518, -0.008921839101169393, -0.005397720783465232, 0.0077658315864225225], "val_pea": [0.10134883970022202, 0.14900971949100494, 0.12850075960159302, 0.15049922466278076, 0.10880335420370102, 0.13814452290534973, 0.11445600539445877, 0.14684070646762848, 0.1546657383441925]}